Image File,State,Plate Number,Reg_Month,Reg_Month_Status,Reg_Year,Reg_Year_Status,Top Banner/Slogan Text,Commemorative Text,Left/Corner Emblem Text,Plate Background Description,Desc_Length,Plate Style,Screw_Count,Image Orientation,Width_px,Height_px
ak399.png,ALASKA,FGJ235,1.0,Known,2010.0,Known,ALASKA,CELEBRATING STATEHOOD 1959 - 2009,ALASKA 50,Yellow top fading to white/blue bottom with mountain/sky gradient,65,Standard passenger vehicle plate,4.0,Landscape,,
ak721.png,ALASKA,FHG521,,Not visible,,Not visible,ALASKA,CELEBRATING STATEHOOD 1959 - 2009,ALASKA 50,Yellow top fading to white/light-blue bottom with mountain silhouette gradient,78,Standard passenger vehicle plate,2.0,Landscape,317.0,153.0
ak848.png,ALASKA,FPJ331,5.0,Known,2010.0,Known,ALASKA,CELEBRATING STATEHOOD 1959 - 2009,ALASKA 50,Yellow top fading into orange wave/horizon shape at bottom,58,Standard passenger vehicle plate,4.0,Landscape,320.0,153.0
ak1165.png,ALASKA,FUW999,2.0,Known,2011.0,Known,ALASKA,CELEBRATING STATEHOOD 1959 - 2009,ALASKA 50,Yellow top fading to orange/red sunset gradient with mountain range silhouette at bottom,88,Standard passenger vehicle plate,2.0,Landscape,320.0,156.0
al47.png,ALABAMA,2A9043J,3.0,Known,2005.0,Known,STARS FELL ON,N/A (small heart symbol icon only),,White plate with blue starred banner across top; red serial text; small county code bottom right (not fully legible),116,Standard passenger vehicle plate,2.0,Landscape,320.0,161.0
al145.png,ALABAMA,47A8D4C,11.0,Known,2006.0,Known,STARS FELL ON,N/A (small heart symbol icon only),,White plate with blue starred banner across top; red serial text; small county code bottom right (not fully legible),116,Standard passenger vehicle plate,2.0,Landscape,320.0,158.0
al1156.png,ALABAMA,6A5730A,7.0,Known,2002.0,Known,STARS FELL ON,N/A (small heart symbol icon only),,White plate with blue starred banner across top; red serial text; small county code bottom right (not fully legible),116,Standard passenger vehicle plate,2.0,Landscape,320.0,159.0
al1181.png,ALABAMA,26A178N,4.0,Known,2003.0,Known,STARS FELL ON,N/A (small heart symbol icon only),,White plate with blue starred banner across top; red serial text; small county code bottom right (not fully legible),116,Standard passenger vehicle plate,2.0,Landscape,320.0,155.0
al1204.png,ALABAMA,9A9990A,7.0,Known,2002.0,Known,OBJECTS FROM OUTER SPACE FELL ON (novelty slogan variant),N/A (small heart symbol icon only),,White plate with blue starred banner across top; red serial text; image cropped at edges,88,Standard passenger vehicle plate (novelty slogan variant),,Landscape,280.0,135.0
al1247.png,ALABAMA,47A434F,,Not visible,,Not visible,STARS FELL ON,N/A (small heart symbol icon only),,White plate with blue starred banner across top; red serial text,64,Standard passenger vehicle plate,2.0,Landscape,320.0,152.0
al1259.png,ALABAMA,KAA20C,,Not visible,,Not visible,STARS FELL ON,N/A (small heart symbol icon only),,White plate with blue starred banner across top; red serial text,64,Standard passenger vehicle plate,2.0,Landscape,320.0,159.0
al1528.png,ALABAMA,1G3296B,11.0,Known,2006.0,Known,STARS FELL ON,N/A (small heart symbol icon only),,White plate with blue starred banner across top; red serial text,64,Standard passenger vehicle plate,2.0,Landscape,320.0,157.0
al1662.png,ALABAMA,2A3633A,6.0,Known,2003.0,Known,STARS FELL ON,N/A (small heart symbol icon only),,White plate with blue starred banner across top; red serial text,64,Standard passenger vehicle plate,2.0,Landscape,320.0,158.0
ar127.png,ARKANSAS,991LNJ,1.0,Known,2008.0,Known,The Natural State,,"Faint diamond watermark graphic (center, Crater of Diamonds motif)",Light blue gradient background with red 'Arkansas' script wordmark and faint diamond watermark,94,Standard passenger vehicle plate,4.0,Landscape,320.0,158.0
ar285.png,ARKANSAS,514KZE,6.0,Known,2007.0,Known,The Natural State,,Faint diamond watermark graphic (center),Pale blue/white gradient background with red 'Arkansas' script wordmark,71,Standard passenger vehicle plate,4.0,Landscape,320.0,154.0
ar477.png,ARKANSAS,133IIS,2.0,Known,2005.0,Known,The Natural State,,No visible watermark graphic,Plain white background with dark blue 'Arkansas' script wordmark,64,Standard passenger vehicle plate,,Landscape,291.0,145.0
ar480.png,ARKANSAS,094NKC,8.0,Known,2010.0,Known,The Natural State,,Faint diamond watermark graphic (center),Light blue gradient background with dark red 'Arkansas' script wordmark,71,Standard passenger vehicle plate,4.0,Landscape,320.0,156.0
ar624.png,ARKANSAS,ANYTEXT,,N/A - Specimen/No sticker,,N/A - Specimen/No sticker,The Natural State,,"Large diamond graphic (center, Crater of Diamonds motif)",Blue gradient background with dark red 'Arkansas' script wordmark; placeholder 'ANY TEXT' serial,96,Sample/specimen dealer display plate (customizable placeholder text),,Landscape,320.0,160.0
ar726.png,ARKANSAS,324AZY,5.0,Known,1998.0,Known,The Natural State,,No clearly visible watermark (low resolution),Plain white/pale background with dark red 'Arkansas' script wordmark,68,Standard passenger vehicle plate,,Landscape,249.0,121.0
ar785.png,ARKANSAS,050LRR,2.0,Known,2008.0,Known,"God hates you and wants you dead (novelty/altered slogan, replaces official state motto)",,Faint diamond watermark graphic (center),Pale blue gradient background with dark red 'Arkansas' script wordmark,70,Novelty/altered-slogan passenger plate (non-standard replacement of official motto),,Landscape,320.0,155.0
ar800.png,ARKANSAS,520MRK,1.0,Known,2011.0,Known,The Natural State,,"Faint diamond watermark graphic (center, low resolution)",Pale blue/white background with dark red 'Arkansas' script wordmark,67,Standard passenger vehicle plate,,Landscape,158.0,78.0
ar810.png,ARKANSAS,NOX226,,Not visible,,Not visible,BS & O (specialty/organization designation - abbreviation not otherwise identifiable),,No watermark graphic,Plain white background with blue 'Arkansas' script wordmark and red serial text,79,Specialty/organization plate,4.0,Landscape,320.0,156.0
ar834.png,ARKANSAS,4HAAAC,,Not visible,,Not visible,4-H Develops Arkansas Youth,4-H program plate,Green four-leaf clover ('4-H') emblems (top corners); small 'UA' Cooperative Extension logo (bottom left),White background with green 'Arkansas' wordmark and green/white color scheme,76,4-H specialty/organization plate,,Landscape,278.0,135.0
ar867.png,ARKANSAS,357HPB,6.0,Known,2004.0,Known,The Natural State,,Faint diamond watermark graphic (center),Pale blue gradient background with dark red 'Arkansas' script wordmark,70,Standard passenger vehicle plate,,Landscape,320.0,158.0
ar883.png,ARKANSAS,087LAN,,Partially legible,2008.0,Known,The Natural State,,Not clearly visible (image cropped/small),Pale blue/white background with dark blue 'Arkansas' script wordmark,68,Standard passenger vehicle plate,,Landscape,171.0,84.0
ar1097.png,ARKANSAS,UNI,,Not visible,,Not visible,Land of Opportunity (older Arkansas state motto design),,No watermark graphic,White background with blue script 'Arkansas' wordmark and red serial text,73,Standard passenger vehicle plate (older 'Land of Opportunity' slogan design),,Landscape,314.0,152.0
ar1487.png,ARKANSAS,NOX218,,Not visible,,Not visible,BS & O (specialty/organization designation - abbreviation not otherwise identifiable),,No watermark graphic,Plain white background with blue 'Arkansas' script wordmark and red serial text,79,Specialty/organization plate,4.0,Landscape,320.0,162.0
az102.png,ARIZONA,AGB7548,,Partially legible,2013.0,Known,GRAND CANYON STATE,,No emblem icons,"Sky-blue-to-tan gradient background with saguaro cactus and mountain silhouette graphic (partially visible, cropped)",116,Standard passenger vehicle plate,,Landscape,160.0,75.0
az158.png,ARIZONA,FSM4EVR,2.0,Known,2010.0,Known,GRAND CANYON STATE,,No emblem icons,Teal-to-tan gradient background with saguaro cactus and purple mountain silhouette graphic,90,Standard passenger vehicle plate,4.0,Landscape,320.0,152.0
az381.png,ARIZONA,919RMW,,Not visible,,Not visible,GRAND CANYON STATE,,No emblem icons,Red/orange desert sunset gradient background with saguaro cactus silhouettes,76,Standard passenger vehicle plate,4.0,Landscape,320.0,156.0
az443.png,ARIZONA,AST3087,10.0,Known,2013.0,Known,GRAND CANYON STATE,,No emblem icons,Purple-to-yellow desert gradient background with saguaro cactus and mountain silhouette graphic,95,Standard passenger vehicle plate,4.0,Landscape,320.0,152.0
az589.png,ARIZONA,W16627,,N/A - Specimen/No sticker,,N/A - Specimen/No sticker,GRAND CANYON STATE,,No emblem icons,Purple mountain silhouette dusk gradient background with saguaro cactus,71,Standard passenger vehicle plate (permanent registration),4.0,Landscape,320.0,158.0
az758.png,ARIZONA,BUKTLST,5.0,Known,2010.0,Known,GRAND CANYON STATE,,No emblem icons,Pink/purple dusk mountain gradient background with saguaro cactus silhouette,76,Standard passenger vehicle plate,4.0,Landscape,320.0,161.0
az808.png,ARIZONA,100AAA,2.0,Known,2004.0,Known,GRAND CANYON STATE,,No emblem icons,Purple/orange desert twilight gradient background with saguaro cactus and mountain silhouette,93,Standard passenger vehicle plate,4.0,Landscape,320.0,157.0
az837.png,ARIZONA,752ARM,,Partially legible,2010.0,Known,GRAND CANYON STATE,,No emblem icons,Teal/purple desert gradient background with saguaro cactus and mountain silhouette,82,Standard passenger vehicle plate,4.0,Landscape,320.0,155.0
az943.png,ARIZONA,CUNAZ,,Not visible,,Not visible,GRAND CANYON STATE,,Decorative saguaro cactus icons used as word separators in serial text,Purple/orange desert twilight gradient background with mountain silhouette,74,Standard passenger vehicle plate (personalized),4.0,Landscape,320.0,153.0
az1001.png,ARIZONA,176NWN,5.0,Known,2005.0,Known,GRAND CANYON STATE,,No emblem icons,Purple mountain silhouette gradient background with saguaro cactus,66,Standard passenger vehicle plate,4.0,Landscape,320.0,160.0
az1193.png,ARIZONA,4YA411,,Not visible,,Not visible,"We Put the AZ in NAZI (novelty/offensive slogan referencing Nazism, replaces official 'Grand Canyon State' tagline)",,No emblem icons,Purple desert gradient background with saguaro cactus silhouette,64,"Novelty/altered-slogan passenger plate (non-standard, extremist-referencing text)",,Landscape,296.0,148.0
az1429.png,ARIZONA,IM4REAL,9.0,Known,2013.0,Known,GRAND CANYON STATE,,No emblem icons,Pink/purple mountain gradient background with saguaro cactus silhouette,71,Standard passenger vehicle plate,,Landscape,320.0,146.0
ca241.png,CALIFORNIA,4NZK761,12.0,Known,,Partially legible,N/A (no slogan banner),,No emblem icons,Plain white background with red script 'California' wordmark and blue serial text,81,Standard passenger vehicle plate,,Landscape,191.0,96.0
ca261.png,CALIFORNIA,6LIK274,2.0,Known,2011.0,Known,N/A (no slogan banner),,No emblem icons,Plain white background with red script 'California' wordmark and blue serial text,81,Standard passenger vehicle plate,4.0,Landscape,320.0,160.0
ca286.png,CALIFORNIA,5VCF203,6.0,Known,,Partially legible,N/A (no slogan banner),,No emblem icons,Plain white background with red script 'California' wordmark and blue serial text,81,Standard passenger vehicle plate,4.0,Landscape,287.0,164.0
ca350.png,CALIFORNIA,6MBV006,3.0,Known,2012.0,Known,N/A (no slogan banner),,No emblem icons,Plain white background with red script 'California' wordmark and blue serial text,81,Standard passenger vehicle plate,4.0,Landscape,320.0,160.0
ca359.png,CALIFORNIA,6DZG261,5.0,Known,2009.0,Known,N/A (no slogan banner),,No emblem icons,Plain white background with red script 'California' wordmark and blue serial text,81,Standard passenger vehicle plate,4.0,Landscape,320.0,157.0
ca366.png,CALIFORNIA,5SIR459,,Not visible,,Not visible,N/A (no slogan banner),,No emblem icons,Plain white background with orange/red script 'California' wordmark and black serial text (older vintage-style design),118,Standard passenger vehicle plate (older black-serial design),,Landscape,320.0,156.0
ca424.png,CALIFORNIA,NTGUILTY,12.0,Known,,Partially legible,N/A (no slogan banner),,No emblem icons,White/pale blue-tinted background with red script 'California' wordmark and purple/blue serial text (personalized plate),120,Standard passenger vehicle plate (personalized),4.0,Landscape,238.0,122.0
ca519.png,CALIFORNIA,5BBM299,1.0,Known,2004.0,Known,N/A (no slogan banner),,No emblem icons,Plain white background with red script 'California' wordmark and blue serial text,81,Standard passenger vehicle plate,4.0,Landscape,320.0,158.0
ca574.png,CALIFORNIA,4CVU806,,N/A - Specimen/No sticker,,N/A - Specimen/No sticker,SESQUICENTENNIAL - 150 YEARS,California statehood 150th anniversary commemorative plate,No emblem icons,"Plain white background with red script 'California' wordmark, blue serial text, and red commemorative caption",109,Commemorative/specimen plate (Sesquicentennial series),4.0,Landscape,320.0,162.0
ca740.png,CALIFORNIA,5ALN015,2.0,Known,2004.0,Known,N/A (no slogan banner),,No emblem icons,Plain white background with red script 'California' wordmark and blue serial text,81,Standard passenger vehicle plate,4.0,Landscape,320.0,156.0
ca780.png,CALIFORNIA,SAMPLE1,,Not visible,,Not visible,N/A (no slogan banner),,No emblem icons,Plain white background with red script 'California' wordmark and blue 'SAMPLE1' serial text,91,Sample/specimen plate,,Landscape,149.0,70.0
ca857.png,CALIFORNIA,5ZJC907,6.0,Known,,Partially legible,N/A (no slogan banner),,No emblem icons,Plain white background with red script 'California' wordmark and blue serial text,81,Standard passenger vehicle plate,,Landscape,174.0,66.0
ca884.png,CALIFORNIA,I<3LEGO,,Not visible,,Not visible,N/A (no slogan banner),,Small red heart symbol (between 'I' and 'LEGO'),Plain white background with red script 'California' wordmark and blue personalized serial text,94,Personalized passenger vehicle plate,,Landscape,103.0,46.0
ca900.png,CALIFORNIA,STARK11,3.0,Known,,Partially legible,N/A (no slogan banner),,No emblem icons,Plain white background with red script 'California' wordmark and blue personalized serial text,94,Personalized passenger vehicle plate,4.0,Landscape,315.0,164.0
ca1000.png,CALIFORNIA,HALTCO2,1.0,Known,,Partially legible,N/A (no slogan banner),,No emblem icons,"Plain white background with red script 'California' wordmark and blue personalized serial text; dealer frame reads 'H. DAILEY' (top) and 'SAN LEANDRO' (bottom, partially obscured)",179,Personalized passenger vehicle plate (in dealer frame),,Landscape,320.0,130.0
ca1043.png,CALIFORNIA,5EKR790,1.0,Known,2005.0,Known,N/A (no slogan banner),,No emblem icons,Plain white background with red script 'California' wordmark and blue serial text,81,Standard passenger vehicle plate,4.0,Landscape,294.0,145.0
ca1073.png,CALIFORNIA,DUKDAWG,9.0,Known,2008.0,Known,N/A (no slogan banner),,No emblem icons,"Plain white background with red script 'California' wordmark and blue personalized serial text; dealer frame reads 'MEMBER' (top, partial)",138,Personalized passenger vehicle plate (in dealer frame),,Landscape,320.0,139.0
ca1127.png,CALIFORNIA,BUBBIE2,2.0,Known,2007.0,Known,N/A (no slogan banner),,No emblem icons,"Plain white background with red script 'California' wordmark and blue personalized serial text; dealer frame reads 'Pacific Beaches' (top) and 'Pacific ... Nissan' (bottom, partially obscured)",192,Personalized passenger vehicle plate (in dealer frame),,Landscape,320.0,131.0
ca1136.png,CALIFORNIA,5UMH719,5.0,Known,2008.0,Known,N/A (no slogan banner),,No emblem icons,Plain white background with red script 'California' wordmark and blue serial text,81,Standard passenger vehicle plate,4.0,Landscape,320.0,164.0
ca1173.png,CALIFORNIA,JAKEMRY,8.0,Known,2012.0,Known,N/A (no slogan banner),,No emblem icons,Plain white background with red script 'California' wordmark and blue personalized serial text,94,Personalized passenger vehicle plate,,Landscape,320.0,162.0
ca1194.png,CALIFORNIA,YOSPEED,1.0,Known,2012.0,Known,N/A (no slogan banner),,No emblem icons,"Plain white background with red script 'California' wordmark and blue personalized serial text; frame reads 'CIVIC' (bottom, Honda model badge)",143,Personalized passenger vehicle plate (in Honda Civic-branded frame),,Landscape,320.0,148.0
ca1218.png,CALIFORNIA,5NNY092,7.0,Known,2007.0,Known,N/A (no slogan banner),,No emblem icons,Plain white background with red script 'California' wordmark and blue serial text,81,Standard passenger vehicle plate,,Landscape,156.0,60.0
ca1543.png,CALIFORNIA,ALKATRZ,11.0,Known,2003.0,Known,N/A (no slogan banner),,No emblem icons,Plain white background with red script 'California' wordmark and blue personalized serial text,94,Personalized passenger vehicle plate,4.0,Landscape,227.0,108.0
ca1564.png,CALIFORNIA,5AOJ230,8.0,Known,2004.0,Known,N/A (no slogan banner),,No emblem icons,Plain white background with red script 'California' wordmark and blue serial text,81,Standard passenger vehicle plate,4.0,Landscape,320.0,159.0
ca1574.png,CALIFORNIA,IMJSAYN,1.0,Known,2009.0,Known,LAKE TAHOE,California Lake Tahoe conservancy specialty plate,Palm tree and mountain graphic (left side),"Blue sky gradient background with mountain range, lake, and palm tree graphic; blue 'LAKE TAHOE' banner at bottom",113,Lake Tahoe specialty/conservation plate,,Landscape,320.0,166.0
ca1591.png,CALIFORNIA,POW9999,,N/A - Specimen/No sticker,,N/A - Specimen/No sticker,N/A (no slogan banner),,No emblem icons,Plain white background with red script 'California' wordmark and blue serial text; corner ad frame reads 'nnk.net',114,Sample/specimen plate (in advertising frame),4.0,Landscape,320.0,164.0
ca1592.png,CALIFORNIA,5PPPO64,7.0,Known,2011.0,Known,N/A (no slogan banner),,No emblem icons,Plain white background with red script 'California' wordmark and blue serial text,81,Standard passenger vehicle plate,4.0,Landscape,320.0,163.0
ca1622.png,CALIFORNIA,WC6DX,,N/A - Specimen/No sticker,,N/A - Specimen/No sticker,SESQUICENTENNIAL - 150 YEARS,California statehood 150th anniversary commemorative plate,No emblem icons,"Plain white background with red script 'California' wordmark, blue serial text, and red commemorative caption",109,Commemorative/specimen plate (Sesquicentennial series),4.0,Landscape,320.0,168.0
ca1629.png,CALIFORNIA,4HFX108,1.0,Known,,Partially legible,SESQUICENTENNIAL - 150 YEARS,California statehood 150th anniversary commemorative plate,No emblem icons,"Plain white background with red script 'California' wordmark, blue serial text, and red commemorative caption",109,Commemorative plate (Sesquicentennial series),,Landscape,166.0,63.0
ca1635.png,CALIFORNIA,6FGR999,9.0,Known,2010.0,Known,N/A (no slogan banner),,No emblem icons,Plain white background with red script 'California' wordmark and blue serial text,81,Standard passenger vehicle plate,4.0,Landscape,320.0,162.0
co74.png,COLORADO,411SJW,9.0,Known,2010.0,Known,COLORADO,,No emblem icons,White background with green mountain range silhouette graphic across top and green 'COLORADO' text at bottom,108,Standard passenger vehicle plate,4.0,Landscape,320.0,161.0
co122.png,COLORADO,000XXX,,Not visible,,Not visible,COLORADO,,No emblem icons,White background with green mountain range silhouette graphic across top and green 'COLORADO' text at bottom,108,Sample/specimen plate (placeholder serial),4.0,Landscape,320.0,157.0
co184.png,COLORADO,371MHA,,Not visible,,Not visible,COLORADO,,No emblem icons,White background with green mountain range silhouette graphic across top and green 'COLORADO' text at bottom; plate shows visible wear/weathering,145,Standard passenger vehicle plate,4.0,Landscape,320.0,164.0
wy282.png,WYOMING,5501BB,6.0,Known,1991.0,Known,WYOMING,,,White plate fading to pale blue-green wave gradient at bottom; black bucking horse and rider silhouette left of serial,118,Standard passenger vehicle plate,2.0,Landscape,320.0,160.0
wy322.png,WYOMING,17692AB,,Not visible,,Not visible,WYOMING,,,White plate with pale blue-green gradient wave at bottom; black bucking horse and rider silhouette; small multicolor sticker top-left (illegible),145,Standard passenger vehicle plate,,Landscape,89.0,43.0
wy368.png,WYOMING,5503F,11.0,Known,2003.0,Known,TRK,,,Sky-blue gradient background with Devils Tower graphic at right and green grass at bottom; black bucking horse and rider silhouette left of serial,146,"Truck plate (""TRK"")",2.0,Landscape,249.0,110.0
wy369.png,WYOMING,19874J,6.0,Known,,Not visible,TRK,,,Sky-blue gradient background with faint rock formation and green grass at bottom; black bucking horse and rider silhouette left of serial,137,"Truck plate (""TRK"")",,Landscape,102.0,53.0
wy420.png,WYOMING,000000,,N/A - Specimen/No sticker,,Missing,,1939 base year plate,,Solid orange/yellow background with black embossed bucking horse and rider center; sample plate with all-zero serial,116,"Vintage base year plate (1939 sample/specimen, all-zero serial)",0.0,Landscape,320.0,127.0
wy508.png,WYOMING,3555AN,,Not visible,1989.0,Known,WYOMING,1890 Centennial 1990 (Wyoming statehood centennial),,Light blue sky gradient to white/gray mountain silhouette background; red bucking horse and rider silhouette; centennial banner text at bottom,142,Centennial commemorative passenger plate (1890-1990),0.0,Landscape,320.0,160.0
wy658.png,WYOMING,4475,5.0,Known,2009.0,Known,,,,Blue sky with clouds and Devils Tower monument graphic center-right; green trees at bottom; no bucking horse graphic (motorcycle plate),135,Motorcycle plate,2.0,Landscape,320.0,191.0
wy712.png,WYOMING,4779AC,4.0,Known,,Not visible,WYOMING,,N/A (dealer frame text 'ROCK SPRINGS' / 'HONDA-TOYOTA' surrounds plate),White/pale blue gradient background with faint mountain wave; black bucking horse and rider silhouette left of serial; dealer frame visible around plate,152,Standard passenger vehicle plate,,Landscape,252.0,125.0
wy716.png,WYOMING,2079XA,,N/A - Specimen/No sticker,,Missing,DEMO,,,Blue sky with clouds and Devils Tower monument graphic at right; green trees at bottom; black bucking horse and rider silhouette left of serial,143,Dealer demo plate,0.0,Landscape,320.0,154.0
wy963.png,WYOMING,4339C,1.0,Known,2002.0,Known,,,,Blue sky with clouds and Devils Tower monument graphic at right; green trees at bottom; black bucking horse and rider silhouette left of serial,143,Standard passenger vehicle plate,0.0,Landscape,320.0,162.0
wy1083.png,WYOMING,4434R,2.0,Known,2004.0,Known,TRK,,,Blue sky with clouds and Devils Tower monument graphic at right; green trees at bottom; black bucking horse and rider silhouette left of serial,143,"Truck plate (""TRK"")",2.0,Landscape,320.0,154.0
wy1093.png,WYOMING,299YX,12.0,Known,2004.0,Known,,,,Blue sky with clouds and Devils Tower monument graphic at right; green trees at bottom; black bucking horse and rider silhouette left of serial,143,Standard passenger vehicle plate,0.0,Landscape,320.0,159.0
wy1235.png,WYOMING,22248BH,11.0,Known,2001.0,Known,WYOMING,,,White plate with pale blue mountain range gradient and green foothills at bottom; dark blue bucking horse and rider silhouette left of serial,141,Standard passenger vehicle plate,0.0,Landscape,320.0,163.0
wy1514.png,WYOMING,1321AN,,Not visible,,Not visible,WYOMING,,,Worn white plate with faint pale blue-green wave gradient at bottom; dark blue bucking horse and rider silhouette left of serial; TRUCK text below serial,153,"Truck plate (""TRUCK"")",2.0,Landscape,254.0,130.0
wv1113.png,WEST VIRGINIA,OAM145,,Not visible,,Not visible,West Virginia,,,White plate with blue top banner; no background graphic; teal registration sticker bottom-right (illegible),107,Standard passenger vehicle plate,,Landscape,118.0,61.0
wv1256.png,WEST VIRGINIA,4N3972,,Not visible,1997.0,Known,West Virginia,,,White/light gray plate with dark blue top banner and gold pinstripes; blue registration sticker bottom-right,108,Standard passenger vehicle plate,0.0,Landscape,163.0,81.0
wv1399.png,WEST VIRGINIA,3Y1688,,Not visible,2005.0,Known,West Virginia,,,White plate with blue top banner and gold pinstripes; green registration sticker bottom-right reading 2005,106,Standard passenger vehicle plate,2.0,Landscape,236.0,113.0
wv1646.png,WEST VIRGINIA,4W5825,,Not visible,2005.0,Known,West Virginia,,,White plate with blue top banner and gold pinstripes; green registration sticker bottom-right reading 2005,106,Standard passenger vehicle plate,2.0,Landscape,320.0,163.0
wy23.png,WYOMING,1345D,4.0,Known,2002.0,Known,,,,Blue sky with clouds and Devils Tower monument graphic at right; green trees at bottom; black bucking horse and rider silhouette left of serial,143,Standard passenger vehicle plate,0.0,Landscape,320.0,158.0
fl830.png,FLORIDA,981XXH,6,Known,2010,Known,MYFLORIDA.COM,,,White background with green outline of Florida state shape; orange tree with two oranges and white blossom emblem at center; green 'SUNSHINE STATE' banner at bottom,164,Standard passenger vehicle plate,4,Landscape,320,157
fl920.png,FLORIDA,N788BY,2,Known,2010,Known,MYFLORIDA.COM,,,White background with green outline of Florida state shape; orange tree with two oranges and white blossom emblem at center; green 'ORANGE' county banner at bottom,163,Standard passenger vehicle plate,4,Landscape,320,160
fl1167.png,FLORIDA,7164HF,8,Known,2011,Known,MYFLORIDA.COM,,,Cropped white background with faint green Florida state shape outline; small orange tree emblem at center; green 'IN GOD WE TRUST' banner at bottom,147,Standard passenger vehicle plate,,Landscape,170,88
fl1225.png,FLORIDA,W772UQ,12,Known,2007,Known,MYFLORIDA.COM,,,White background with green outline of Florida state shape; orange tree with two oranges and white blossom emblem at center; green 'SUNSHINE STATE' banner at bottom,164,Standard passenger vehicle plate,4,Landscape,320,160
fl1307.png,FLORIDA,I404MY,10,Known,2011,Known,MYFLORIDA.COM,,,Small/cropped white background with faint green Florida state shape outline; orange tree emblem at center; green 'LAKE' county banner at bottom,143,Standard passenger vehicle plate,,Landscape,171,85
ga16.png,GEORGIA,ASN1074,8,Known,2007,Known,www.GEORGIA.gov,,,White background with orange/green peach emblem at center; black 'DOUGLAS' county banner at bottom; yellow-green 'GEORGIA AUG' registration sticker top-left and green '2007' sticker bottom-right,194,Standard passenger vehicle plate,,Landscape,320,157
ga31.png,GEORGIA,APM5740,10,Known,,Not visible,www.GEORGIA.gov,,,White background with orange/green peach emblem at center; black 'CHATHAM' county banner at bottom; 'GEORGIA OCT' sticker top-left and green 'OCT' sticker bottom-right,167,Standard passenger vehicle plate,,Landscape,320,163
ga151.png,GEORGIA,BVN0669,4,Known,,Not visible,GEORGIA.gov,,,White background with orange/green peach emblem at center; black 'CLAYTON' county banner at bottom; blue 'CLAYTON APR' registration sticker bottom-right,152,Standard passenger vehicle plate,,Landscape,320,153
ga1260.png,GEORGIA,BJL3833,12,Known,2009,Known,GEORGIA.gov,,,White background with orange/green Georgia-state-shape peach emblem at center; black 'JACKSON' county banner at bottom; green 'DEC 2009' registration sticker bottom-right,170,Standard passenger vehicle plate,,Landscape,320,156
ga1314.png,GEORGIA,HW1155,1,Known,2011,Known,GEORGIA.gov,Children's Healthcare of Atlanta specialty plate,"Children's Healthcare of Atlanta logo (two cartoon children figures, left side)",White background with Children's Healthcare of Atlanta logo at left; black 'CHEROKEE' county banner at bottom; blue 'JAN 11' registration sticker bottom-right,158,Children's Healthcare of Atlanta specialty plate,,Landscape,320,159
ga1484.png,GEORGIA,BMN2079,2,Known,2011,Known,GEORGIA.gov,,,White background with orange/green peach emblem at center; black 'IN GOD WE TRUST' banner at bottom; blue 'FEB 11' registration sticker bottom-right,148,Standard passenger vehicle plate,,Landscape,320,162
hi72.png,HAWAII,WH6KO,10,Known,2014,Known,HAM RADIO,Amateur radio (HAM) specialty plate,'HAWAII' state name banner below 'HAM RADIO' top banner,White background with pastel rainbow arc graphic; black 'ALOHA STATE' text at bottom partly obscured by trailer hitch/bolt; yellow 'OCT 2014' registration sticker top-right,172,Amateur (HAM) radio specialty plate,2,Landscape,320,144
hi89.png,HAWAII,HWR837,,Not visible,,Not visible,HAWAII,,,White background with pastel rainbow arc graphic; black 'ALOHA STATE' text at bottom; blank white inspection sticker box top-right (no sticker visible),151,Standard passenger vehicle plate,,Landscape,320,162
fl26.png,FLORIDA,615KPI,10,Known,2011,Known,MYFLORIDA.COM,,,Small/cropped white background with faint green Florida state shape outline; orange tree emblem at center; green 'SUNSHINE STATE' banner at bottom,146,Standard passenger vehicle plate,,Landscape,172,87
fl227.png,FLORIDA,FLNGPOO,,Not visible,,Not visible,MYFLORIDA.COM,,,White background with green outline of Florida state shape; orange tree with two oranges and white blossom emblem splitting personalized serial; green 'SUNSHINE STATE' banner at bottom; blank 'DECAL' box top-right (no sticker visible),234,Personalized passenger vehicle plate,,Landscape,320,155
fl234.png,FLORIDA,H507VU,4,Known,2010,Known,MYFLORIDA.COM,,,White background with green outline of Florida state shape; orange tree with two oranges and white blossom emblem at center; green 'PINELLAS' county banner at bottom,165,Standard passenger vehicle plate,4,Landscape,320,166
fl512.png,FLORIDA,CUSTOM,1,Known,,Partially legible,FLORIDA,,,Small/cropped white background with single orange and leaf emblem splitting personalized 'CUS TOM' serial; green 'SUNSHINE STATE' banner at bottom; yellow 'JUN' registration sticker top-left,190,Personalized passenger vehicle plate (older 'FLORIDA' banner design),,Landscape,200,119
fl559.png,FLORIDA,707YCC,7,Known,2012,Known,MYFLORIDA.COM,,,White background with green outline of Florida state shape; orange tree with two oranges and white blossom emblem at center; green 'SUNSHINE STATE' banner at bottom,164,Standard passenger vehicle plate,4,Landscape,320,160
fl823.png,FLORIDA,Y6BYG,10,Known,2010,Known,MYFLORIDA.COM,,Blue wheelchair/disability access symbol (right side),White background with green outline of Florida state shape; orange tree with two oranges and white blossom emblem at center; green 'SUNSHINE STATE' banner at bottom; disabled persons access symbol at right,205,Disabled persons (handicap) specialty plate,,Landscape,320,162
hi505.png,HAWAII,KTU979,4,Known,,Not visible,HAWAII,,,White background with pastel rainbow arc graphic; black 'ALOHA STATE' text at bottom; 'APR' registration sticker top-right,122,Standard passenger vehicle plate,,Landscape,320,160
hi588.png,HAWAII,HBD331,8,Known,,Not visible,HAWAII,,,White background with pastel rainbow arc graphic; black 'ALOHA STATE' text at bottom; 'AUG' registration sticker top-right,122,Standard passenger vehicle plate,4,Landscape,320,164
hi597.png,HAWAII,AA974,8,Known,,Not visible,HAWAII,Hawaii Firefighters specialty plate,"Hawaii Firefighters emblem (red Maltese cross with 'HAWAII FIREFIGHTERS' text, left side)",White background with pastel rainbow arc graphic; black 'ALOHA STATE' text at bottom; 'AUG' registration sticker top-right,122,Hawaii Firefighters specialty plate,,Landscape,320,164
hi609.png,HAWAII,568201,,Not visible,1976,Known,HAWAII,,Red hibiscus flower graphic (top-left corner),White background with faint blue silhouette watermark of King Kamehameha statue; blue serial text; black 'ALOHA STATE' text at bottom; red '76' year box top-right (older vintage-style design),191,Standard passenger vehicle plate (older vintage-style design),,Landscape,320,158
hi685.png,HAWAII,BE840,2,Known,,Not visible,HAWAII,,,Small/cropped white background with faint pastel rainbow arc graphic; black 'ALOHA STATE' text at bottom; 'FEB' registration sticker top-right,142,Standard passenger vehicle plate,,Landscape,168,80
hi817.png,HAWAII,PSX960,12,Known,2007,Known,HAWAII,,,White background with pastel rainbow arc graphic and faint '07' circular watermarks; black 'ALOHA STATE' text at bottom; 'DEC 07' registration sticker top-right,160,Standard passenger vehicle plate,2,Landscape,320,141
hi841.png,HAWAII,KZF827,4,Known,2009,Known,HAWAII,,,White background with pastel rainbow arc graphic; black 'ALOHA STATE' text at bottom; 'APR 2009' registration sticker top-right,127,Standard passenger vehicle plate,,Landscape,320,159
hi1005.png,HAWAII,WTFDMV,,Not visible,,Not visible,HAWAII,,,Small/cropped white background with pastel rainbow arc graphic; black 'ALOHA STATE' text at bottom; personalized serial text; no visible registration sticker,157,Personalized passenger vehicle plate,,Landscape,201,102
hi1106.png,HAWAII,KTE268,1,Known,2010,Known,HAWAII,,,White background with pastel rainbow arc graphic; black 'ALOHA STATE' text at bottom; green 'JAN 2010' registration sticker top-right,133,Standard passenger vehicle plate,,Landscape,320,162
hi1134.png,HAWAII,MZA275,2,Known,1997,Known,HAWAII,"YANKEE GO HOME (novelty/altered slogan, replaces official 'ALOHA STATE' tagline)",,White background with pastel rainbow arc graphic; black 'YANKEE GO HOME' novelty text at bottom (replacing standard 'ALOHA STATE' banner); 'FEB 1997' registration sticker top-right,180,Novelty/altered-slogan passenger plate (non-standard replacement of official banner text),,Landscape,280,137
hi1214.png,HAWAII,MSH861,,Not visible,,Not visible,HAWAII,,,White background with pastel rainbow arc graphic; black 'ALOHA STATE' text at bottom; blank white registration sticker box top-right (no sticker visible),153,Standard passenger vehicle plate,4,Landscape,320,149
hi1559.png,HAWAII,JUSTMAUID,,Not visible,,Not visible,HAWAII,,,White background with pastel rainbow arc graphic; black 'ALOHA STATE' text at bottom; personalized 'JUST MAUI'D' serial text; no visible registration sticker,157,Personalized passenger vehicle plate,,Landscape,320,160
ia215.png,IOWA,339HAT,2,Known,2002,Known,IOWA,,,White background with blue city skyline silhouette graphic on right; blue serial text; black 'POLK' county banner at bottom; two stacked registration stickers top-left reading 'IOWA 2002 FEB' and 'IOWA 2001 FEB',211,Standard passenger vehicle plate,4,Landscape,320,162
ia289.png,IOWA,8584HH,9,Known,,Not visible,IOWA,,,"Small/cropped white background with faint blue city skyline silhouette graphic; blue serial text; black county banner at bottom (partially cropped, reads 'OTTAWATTAM...'); 'SEP' registration sticker top-left",207,Standard passenger vehicle plate,,Landscape,168,70
hi103.png,HAWAII,GZG347,5,Known,2011,Known,HAWAII,,,White background with pastel rainbow arc graphic; black 'ALOHA STATE' text at bottom; blue 'MAY 2011' registration sticker top-right,132,Standard passenger vehicle plate,,Landscape,320,164
hi130.png,HAWAII,HGX212,3,Known,,Not visible,HAWAII,,,White background with pastel rainbow arc graphic; black 'ALOHA STATE' text at bottom; yellow 'MAR' registration sticker top-right,129,Standard passenger vehicle plate,,Landscape,320,153
hi157.png,HAWAII,HXM691,1,Known,,Not visible,HAWAII,,,Small/cropped white background with pastel rainbow arc graphic; black 'ALOHA STATE' text at bottom; 'JAN' registration sticker top-right,136,Standard passenger vehicle plate,,Landscape,171,85
hi302.png,HAWAII,KVU441,12,Known,2007,Known,HAWAII,,,White background with pastel rainbow arc graphic; black 'ALOHA STATE' text at bottom; 'DEC 2007' registration sticker top-right,127,Standard passenger vehicle plate,4,Landscape,320,155
hi481.png,HAWAII,KVA442,10,Known,,Not visible,HAWAII,,,Small/cropped white background with pastel rainbow arc graphic; black 'ALOHA STATE' text at bottom; 'OCT' registration sticker top-right,136,Standard passenger vehicle plate,,Landscape,228,116
hi503.png,HAWAII,KAB277,6,Known,2011,Known,HAWAII,,,White background with pastel rainbow arc graphic; black 'ALOHA STATE' text at bottom; 'JUN 2011' registration sticker top-right,127,Standard passenger vehicle plate,,Landscape,320,159
id260.png,IDAHO,1A2E468,3,Known,2012,Known,Scenic IDAHO,,,Red gradient top fading to white/pale-blue background with snow-capped mountain range silhouette and pine tree treeline; blue 'FAMOUS POTATOES' banner at bottom,160,Standard passenger vehicle plate,2,Landscape,320,160
id400.png,IDAHO,B33333,9,Known,2000,Known,Scenic IDAHO,,,Red gradient top fading to white/pale-blue background with mountain range silhouette and pine tree treeline; blue 'FAMOUS POTATOES' banner at bottom; low-digit single-letter-prefix serial,187,Standard passenger vehicle plate (low-digit series),1,Landscape,320,159
id415.png,IDAHO,HYDRO1,12,Known,,Partially legible,Scenic IDAHO,,,Red gradient top fading to gray/white mountain range silhouette background with pine tree treeline; blue 'FAMOUS POTATOES' banner at bottom; personalized serial,160,Personalized passenger vehicle plate,2,Landscape,320,158
id513.png,IDAHO,1T10294,12,Known,2004,Known,Scenic IDAHO,,,Red gradient top fading to white/blue mountain range silhouette background with pine tree treeline; blue 'FAMOUS POTATOES' banner at bottom,139,Standard passenger vehicle plate,4,Landscape,320,160
id539.png,IDAHO,OLDGRL,4,Known,,Partially legible,Scenic IDAHO,,,Red gradient top fading to blue mountain range silhouette background with pine tree treeline; blue 'FAMOUS POTATOES' banner at bottom; personalized serial,154,Personalized passenger vehicle plate,1,Landscape,320,176
id665.png,IDAHO,1AD849T,12,Known,2008,Known,Scenic IDAHO,,,Red gradient top fading to white/blue mountain range silhouette background with pine tree treeline; blue 'FAMOUS POTATOES' banner at bottom; sticker repeats plate serial,169,Standard passenger vehicle plate,4,Landscape,320,156
id688.png,IDAHO,1B71227,11,Known,1995,Known,Scenic IDAHO,,,Red gradient top fading to white/blue mountain range silhouette background with pine tree treeline; blue 'FAMOUS POTATOES' banner at bottom,139,Standard passenger vehicle plate,4,Landscape,320,157
id770.png,IDAHO,1AVB713,3,Known,,Partially legible,Scenic IDAHO,,,Red gradient top fading to white/blue mountain range silhouette background with pine tree treeline; blue 'FAMOUS POTATOES' banner at bottom,139,Standard passenger vehicle plate,2,Landscape,320,153
id825.png,IDAHO,MNW235,12,Known,2008,Known,Scenic IDAHO,,,Red gradient top fading to white/blue mountain range silhouette background with pine tree treeline; blue 'FAMOUS POTATOE' (singular) banner at bottom; narrow motorcycle-format plate; sticker repeats plate serial with 'DEC' month text,233,Motorcycle plate,4,Landscape,320,192
id860.png,IDAHO,1ADL132,5,Known,2004,Known,Scenic IDAHO,,,Red gradient top fading to white/blue mountain range silhouette background with pine tree treeline; blue 'FAMOUS POTATOES' banner at bottom,139,Standard passenger vehicle plate,4,Landscape,320,160
id913.png,IDAHO,UPDCRIK,,Not visible,,Not visible,Scenic IDAHO,,,"Cropped red gradient top fading to white/blue mountain range silhouette background with pine tree treeline (image tightly cropped, bottom banner and registration sticker partially cut off); personalized serial",209,Personalized passenger vehicle plate,0,Landscape,320,176
id991.png,IDAHO,108565,10,Known,1997,Known,Scenic IDAHO,,Small mountain-range graphic icon preceding serial (in place of county letter prefix),Red gradient top fading to white/blue mountain range silhouette background with pine tree treeline; blue 'FAMOUS POTATOES' banner at bottom,139,Standard passenger vehicle plate,3,Landscape,320,160
id997.png,IDAHO,9B352T,3,Known,,Not visible,Scenic IDAHO,,,Small/cropped red gradient top fading to white/blue mountain range silhouette background with pine tree treeline; blue 'FAMOUS POTATOES' banner at bottom,153,Standard passenger vehicle plate,,Landscape,201,102
ia1458.png,IOWA,5812HJ,,Not visible,1998,Known,IOWA,,,White background with faint blue building/skyline watermark graphic; blue serial text; black 'SCOTT' county banner at bottom; yellow 'IOWA MAY 98' registration sticker top-left (older vintage-style design),205,Standard passenger vehicle plate (older vintage-style design),4,Landscape,320,162
id42.png,IDAHO,1AA4679,9,Known,2000,Known,Scenic IDAHO,,,Red gradient top fading to white/blue mountain range silhouette background with pine tree treeline; blue 'FAMOUS POTATOES' banner at bottom,139,Standard passenger vehicle plate,2,Landscape,320,159
id137.png,IDAHO,COUGAR,10,Known,2004,Known,Scenic IDAHO,,,Red gradient top fading to white/blue mountain range silhouette background with pine tree treeline; blue 'FAMOUS POTATOES' banner at bottom; personalized serial,160,Personalized passenger vehicle plate,4,Landscape,320,158
id140.png,IDAHO,DELIGRL,5,Known,2005,Known,Scenic IDAHO,,,Red gradient top fading to white/blue mountain range silhouette background with pine tree treeline; blue 'FAMOUS POTATOES' banner at bottom; personalized serial,160,Personalized passenger vehicle plate,4,Landscape,320,161
id238.png,IDAHO,2B699,12,Known,2011,Known,Scenic IDAHO,,,Red gradient top fading to white/blue mountain range silhouette background with pine tree treeline; blue 'FAMOUS POTATOES' banner at bottom; sticker repeats plate serial,169,Standard passenger vehicle plate,4,Landscape,320,156
id254.png,IDAHO,BLOGGER,5,Known,,Not visible,Scenic IDAHO,,,Red/purple gradient top fading to white/blue mountain range silhouette background with pine tree treeline; blue 'FAMOUS POTATOES' banner at bottom; personalized serial repeated on registration sticker,200,Personalized passenger vehicle plate,1,Landscape,320,155
